<?xml version="1.0" encoding="UTF-8"?>
<!DOCTYPE mapper PUBLIC "-//mybatis.org//DTD Mapper 3.0//EN" "http://mybatis.org/dtd/mybatis-3-mapper.dtd">
<mapper namespace="com.alonginfo.system.mapper.UserMapper">
    <select id="queryUserList" resultType="User">
        SELECT id,name,age,create_date
        FROM user
    </select>

    <insert id="addUser">
        INSERT user(name,age,create_date)
        values(#{name},#{age},now())
    </insert>

    <update id="updateUser">
        UPDATE user
        SET age = #{age}
        WHERE id = #{id}
    </update>

    <delete id="deleteUser">
        DELETE FROM user
        WHERE id = #{id}
    </delete>



</mapper>
