<?xml version="1.0" encoding="UTF-8"?>
<!DOCTYPE mapper PUBLIC "-//mybatis.org//DTD Mapper 3.0//EN" "http://mybatis.org/dtd/mybatis-3-mapper.dtd">
<mapper namespace="com.alonginfo.system.mapper.yunwei_module.YwmaintainMapper">
  <resultMap id="BaseResultMap" type="Ywmaintain">
    <id column="MN_ID" jdbcType="INTEGER" property="mnId" />
    <result column="MN_YHMC" jdbcType="VARCHAR" property="mnYhmc" />
    <result column="MN_REGION" jdbcType="VARCHAR" property="mnRegion" />
    <result column="MN_WXRY" jdbcType="VARCHAR" property="mnWxry" />
    <result column="MN_WXDATA" jdbcType="TIMESTAMP" property="mnWxdata" />
    <result column="MN_PHONE" jdbcType="VARCHAR" property="mnPhone" />
    <result column="MN_WXJL" jdbcType="VARCHAR" property="mnWxjl" />
  </resultMap>

  <sql id="Base_Column_List">
    MN_ID, MN_YHMC, MN_REGION, MN_WXRY, DATE_FORMAT(MN_WXDATA,'%Y-%m-%d %H:%i:%s') mnWxdata, MN_PHONE, MN_WXJL
  </sql>

  <select id="selectBySelective" resultType="Ywmaintain">
    select 
    <include refid="Base_Column_List" />
    from yw_maintain
    <where>
      <if test="ywmaintain.mnId !=null and ywmaintain.mnId !='' ">
        MN_ID =  #{ywmaintain.mnId}
      </if>
      <if test="ywmaintain.mnYhmc !=null and ywmaintain.mnYhmc !=''">
        and  MN_YHMC like concat('%',#{ywmaintain.mnYhmc},'%')
      </if>
      <if test="ywmaintain.mnWxdata !=null  ">
        and date_format(MN_WXDATA,'%Y-%m-%d') = DATE_FORMAT(#{ywmaintain.mnWxdata},'%Y-%m-%d')
      </if>
    </where>
    limit ${(pageNum-1)*pageSize},${pageSize}
  </select>

  <!--总行数-->
  <select id="selectCount" resultType="int">
    select count(1) from yw_maintain
  </select>

  <!--遍历主键 查询 打包导出-->
  <select id="selectMany" resultType="Ywmaintain" parameterType="Integer">
    select
    <include refid="Base_Column_List"/>
    from yw_maintain
    where MN_ID in
    <foreach collection="ids" item="mnId" open="(" separator="," close=")">
      #{mnId}
    </foreach>
  </select>

  <delete id="deleteByPrimaryKey" parameterType="java.lang.Integer">
    delete from yw_maintain
    where MN_ID = #{mnId,jdbcType=INTEGER}
  </delete>

  <insert id="insert" parameterType="Ywmaintain">
    insert into yw_maintain (MN_ID, MN_YHMC, MN_REGION, 
      MN_WXRY, MN_WXDATA, MN_PHONE, 
      MN_WXJL)
    values (#{mnId,jdbcType=INTEGER}, #{mnYhmc,jdbcType=VARCHAR}, #{mnRegion,jdbcType=VARCHAR}, 
      #{mnWxry,jdbcType=VARCHAR}, #{mnWxdata,jdbcType=TIMESTAMP}, #{mnPhone,jdbcType=VARCHAR}, 
      #{mnWxjl,jdbcType=VARCHAR})
  </insert>

  <update id="updateByPrimaryKey" parameterType="Ywmaintain">
    update yw_maintain
    set MN_YHMC = #{mnYhmc,jdbcType=VARCHAR},
      MN_REGION = #{mnRegion,jdbcType=VARCHAR},
      MN_WXRY = #{mnWxry,jdbcType=VARCHAR},
      MN_WXDATA = #{mnWxdata,jdbcType=TIMESTAMP},
      MN_PHONE = #{mnPhone,jdbcType=VARCHAR},
      MN_WXJL = #{mnWxjl,jdbcType=VARCHAR}
    where MN_ID = #{mnId,jdbcType=INTEGER}
  </update>
</mapper>