<?xml version="1.0" encoding="UTF-8"?>
<!DOCTYPE mapper PUBLIC "-//mybatis.org//DTD Mapper 3.0//EN" "http://mybatis.org/dtd/mybatis-3-mapper.dtd">
<mapper namespace="com.alonginfo.system.mapper.yunwei_module.YwmalfunctionMapper">

  <resultMap id="BaseResultMap" type="Ywmalfunction">
    <id column="MF_ID" jdbcType="INTEGER" property="mfId" />
    <result column="MF_YHMC" jdbcType="VARCHAR" property="mfYhmc" />
    <result column="MF_REGION" jdbcType="VARCHAR" property="mfRegion" />
    <result column="MF_JLRY" jdbcType="VARCHAR" property="mfJlry" />
    <result column="MF_JLDATA" jdbcType="TIMESTAMP" property="mfJldata" />
    <result column="MF_PHONE" jdbcType="VARCHAR" property="mfPhone" />
    <result column="MF_GZJL" jdbcType="VARCHAR" property="mfGzjl" />
  </resultMap>

  <sql id="Base_Column_List">
    MF_ID, MF_YHMC, MF_REGION, MF_JLRY, DATE_FORMAT(MF_JLDATA,'%Y-%m-%d %H:%i:%s')mfJldata , MF_PHONE, MF_GZJL
  </sql>

  <select id="selectBySelective" resultType="Ywmalfunction">
    select 
    <include refid="Base_Column_List" />
    from yw_malfunction
    <where>
      <if test="ywmalfunction.mfId !=null and ywmalfunction.mfId !='' ">
        MF_ID =  #{ywmalfunction.mfId}
      </if>
      <if test="ywmalfunction.mfYhmc !=null and ywmalfunction.mfYhmc !=''">
       and  MF_YHMC like concat('%',#{ywmalfunction.mfYhmc},'%')
      </if>
      <if test="ywmalfunction.mfJldata !=null  ">
        and date_format(MF_JLDATA,'%Y-%m-%d') = DATE_FORMAT(#{ywmalfunction.mfJldata},'%Y-%m-%d')
      </if>
    </where>
    limit ${(pageNum-1)*pageSize},${pageSize}
  </select>

  <!-- 总行数 -->
  <select id="selectCountNum" resultType="int">
    select count(1) FROM yw_malfunction
  </select>

  <!--遍历主键 查询 打包导出-->
  <select id="selectMany" resultType="Ywmalfunction" parameterType="Integer">
    select
    <include refid="Base_Column_List"/>
    from yw_malfunction
    where MF_ID in
    <foreach collection="ids" item="mfId" open="(" separator="," close=")">
      #{mfId}
    </foreach>
  </select>

  <delete id="deleteByPrimaryKey" parameterType="java.lang.Integer">
    delete from yw_malfunction
    where MF_ID = #{mfId,jdbcType=INTEGER}
  </delete>

  <insert id="insert" parameterType="Ywmalfunction">
    insert into yw_malfunction (MF_ID, MF_YHMC, MF_REGION, 
      MF_JLRY, MF_JLDATA, MF_PHONE, 
      MF_GZJL)
    values (#{mfId,jdbcType=INTEGER}, #{mfYhmc,jdbcType=VARCHAR}, #{mfRegion,jdbcType=VARCHAR}, 
      #{mfJlry,jdbcType=VARCHAR}, #{mfJldata,jdbcType=TIMESTAMP}, #{mfPhone,jdbcType=VARCHAR}, 
      #{mfGzjl,jdbcType=VARCHAR})
  </insert>

  <update id="updateByPrimaryKey" parameterType="Ywmalfunction">
    update yw_malfunction
    set MF_YHMC = #{mfYhmc,jdbcType=VARCHAR},
      MF_REGION = #{mfRegion,jdbcType=VARCHAR},
      MF_JLRY = #{mfJlry,jdbcType=VARCHAR},
      MF_JLDATA = #{mfJldata,jdbcType=TIMESTAMP},
      MF_PHONE = #{mfPhone,jdbcType=VARCHAR},
      MF_GZJL = #{mfGzjl,jdbcType=VARCHAR}
    where MF_ID = #{mfId,jdbcType=INTEGER}
  </update>
</mapper>