<?xml version="1.0" encoding="UTF-8"?>
<!DOCTYPE mapper PUBLIC "-//mybatis.org//DTD Mapper 3.0//EN" "http://mybatis.org/dtd/mybatis-3-mapper.dtd">
<mapper namespace="com.alonginfo.system.mapper.yunwei_module.YwOverhualMapper">

  <resultMap id="BaseResultMap" type="YwOverhual">
    <id column="OH_ID" jdbcType="INTEGER" property="ohId" />
    <result column="OH_YHMC" jdbcType="VARCHAR" property="ohYhmc" />
    <result column="OH_REGION" jdbcType="VARCHAR" property="ohRegion" />
    <result column="OH_JXDW" jdbcType="VARCHAR" property="ohJxdw" />
    <result column="OH_JXRY" jdbcType="VARCHAR" property="ohJxry" />
    <result column="OH_PHONE" jdbcType="VARCHAR" property="ohPhone" />
    <result column="OH_BEGINDATA" jdbcType="TIMESTAMP" property="ohBegindata" />
    <result column="OH_ENDDATA" jdbcType="TIMESTAMP" property="ohEnddata" />
    <result column="OH_JXJL" jdbcType="VARCHAR" property="ohJxjl" />
  </resultMap>

  <sql id="Base_Column_List">
    OH_ID, OH_YHMC, OH_REGION, OH_JXDW, OH_JXRY, OH_PHONE, DATE_FORMAT(OH_BEGINDATA,'%Y-%m-%d %H:%i:%s') ohBegindata,
    DATE_FORMAT(OH_ENDDATA,'%Y-%m-%d %H:%i:%s') ohEnddata ,OH_JXJL
  </sql>

    <!--分頁显示-->
    <!--<select id="selectByPageNum" resultType="YwOverhual">
        select
        <include refid="Base_Column_List"/>
        from yw_overhual
        limit ${(pageNum-1)*pageSize},${pageSize}
    </select>-->

  <!--选择条件查询 分頁显示 -->
  <select id="selectBySelective"  resultType="YwOverhual">
    select 
    <include refid="Base_Column_List" />
    from yw_overhual
    <where>
        <if test="ywOverhual.ohId !=null and ywOverhual.ohId !='' ">
            OH_ID = #{ywOverhual.ohId}
        </if>
        <if test="ywOverhual.ohYhmc !=null and ywOverhual.ohYhmc != '' ">
            and OH_YHMC like concat('%',#{ywOverhual.ohYhmc},'%')
        </if>
        <if test="ywOverhual.ohBegindata !=null ">
            and date_format(OH_BEGINDATA,'%Y-%m-%d') = DATE_FORMAT(#{ywOverhual.ohBegindata},'%Y-%m-%d')
        </if>
    </where>
    limit ${(pageNum-1)*pageSize},${pageSize}
  </select>

  <!--<select id="selectBySelective" resultType="YwOverhual">
    select
    <include refid="Base_Column_List" />
    from yw_overhual
<where>
    <if test="ywOverhual.ohJxjl !=null and ywOverhual.ohJxjl!='' ">
      CONCAT(OH_YHMC,OH_REGION,OH_JXDW,OH_PHONE)
      like concat('%',#{ywOverhual.ohJxjl},'%')
    </if>

    <if test="ywOverhual.ohJxry != null and ywOverhual.ohJxry != '' ">
      or OH_JXRY like concat('%',#{ywOverhual.ohJxry},'%')
    </if>

    <if test="ywOverhual.ohYhmc != null and ywOverhual.ohYhmc != '' ">
      or OH_YHMC like concat('%',#{ywOverhual.ohYhmc},'%')
    </if>

</where>
  </select>-->

  <!-- 总行数 -->
    <select id="selectCountNum" resultType="int">
        select count(1) from yw_overhual
    </select>

  <!--遍历主键 查询 打包导出-->
  <select id="selectMany" resultType="YwOverhual" parameterType="Integer">
    select
    <include refid="Base_Column_List"/>
    from yw_overhual
    where OH_ID in
    <foreach collection="ids" item="ohId" open="(" separator="," close=")">
    #{ohId}
    </foreach>
  </select>

  <delete id="deleteByPrimaryKey" parameterType="java.lang.Integer">
    delete from yw_overhual
    where OH_ID = #{ohId,jdbcType=INTEGER}
  </delete>

  <insert id="insert" parameterType="YwOverhual">
    insert into yw_overhual (OH_ID, OH_YHMC, OH_REGION, 
      OH_JXDW, OH_JXRY, OH_PHONE, 
      OH_BEGINDATA, OH_ENDDATA, OH_JXJL
      )
    values (#{ohId,jdbcType=INTEGER}, #{ohYhmc,jdbcType=VARCHAR}, #{ohRegion,jdbcType=VARCHAR}, 
      #{ohJxdw,jdbcType=VARCHAR}, #{ohJxry,jdbcType=VARCHAR}, #{ohPhone,jdbcType=VARCHAR}, 
      #{ohBegindata,jdbcType=TIMESTAMP}, #{ohEnddata,jdbcType=TIMESTAMP}, #{ohJxjl,jdbcType=VARCHAR}
      )
  </insert>


  <update id="updateByPrimaryKey" parameterType="YwOverhual">
    update yw_overhual
    set OH_YHMC = #{ohYhmc,jdbcType=VARCHAR},
      OH_REGION = #{ohRegion,jdbcType=VARCHAR},
      OH_JXDW = #{ohJxdw,jdbcType=VARCHAR},
      OH_JXRY = #{ohJxry,jdbcType=VARCHAR},
      OH_PHONE = #{ohPhone,jdbcType=VARCHAR},
      OH_BEGINDATA = #{ohBegindata,jdbcType=TIMESTAMP},
      OH_ENDDATA = #{ohEnddata,jdbcType=TIMESTAMP},
      OH_JXJL = #{ohJxjl,jdbcType=VARCHAR}
    where OH_ID = #{ohId,jdbcType=INTEGER}
  </update>
</mapper>