<?xml version="1.0" encoding="UTF-8"?>
<!DOCTYPE mapper PUBLIC "-//mybatis.org//DTD Mapper 3.0//EN" "http://mybatis.org/dtd/mybatis-3-mapper.dtd" >
<mapper namespace="com.alonginfo.system.mapper.catalog_module.CatalogMapper">

    <select id="queryAll" resultMap="catalog">
      SELECT
	  a.id,a.name,a.url,a.icon,.a.type,a.sort,a.`CREATEDATE`,a.`STATUS`,a.`PID`,
	  b.id bid,b.name bname,b.url burl,b.icon bicon,b.type btype,b.sort bsort,b.`CREATEDATE` bcreatdate,b.`STATUS` bstatus,b.pid bpid
	  FROM
	  menu_catalog a
	  RIGHT JOIN menu_catalog b ON b.`pid` = a.`id`
	  WHERE a.id >0
	  ORDER BY a.sort
    </select>

	<resultMap id="catalog" type="com.alonginfo.system.model.Catalog">
		<id	column="id" property="id"/>
		<result column="name" property="name"/>
		<result column="url" property="url" />
		<result column="icon" property="icon"/>
		<result column="type" property="type"/>
		<result column="sort" property="sort"/>
		<result column="creatdate" property="creatDate"/>
		<result column="status" property="status"/>
		<result column="pid" property="pid"/>
		<collection property="cataList" ofType="com.alonginfo.system.model.Catalog">
		<id	column="bid" property="id"/>
		<result column="bname" property="name"/>
		<result column="burl" property="url" />
		<result column="bicon" property="icon"/>
		<result column="btype" property="type"/>
		<result column="bsort" property="sort"/>
		<result column="bcreatdate" property="creatDate"/>
		<result column="bstatus" property="status"/>
		<result column="bpid" property="pid"/>
		</collection>
	</resultMap>

</mapper>
